<?xml version="1.0"?>
<DataProfile xmlns:xsd="http://www.w3.org/2001/XMLSchema" xmlns:xsi="http://www.w3.org/2001/XMLSchema-instance" xmlns="http://schemas.microsoft.com/sqlserver/2008/DataDebugger/">
  <ProfileVersion>1.0</ProfileVersion>
  <DataSources>
    <DtsDataSource ID="{DDD1C881-E7B8-4BF9-A1F0-C4090C966219}" Name="localhost.AdventureWorks1">
      <DtsConnectionManagerID>localhost.AdventureWorks1</DtsConnectionManagerID>
    </DtsDataSource>
    <DtsDataSource ID="{60F629E2-1189-4352-98FC-9B4BE0CE94DC}" Name="profile.xml">
      <DtsConnectionManagerID>profile.xml</DtsConnectionManagerID>
    </DtsDataSource>
  </DataSources>
  <DataProfileInput>
    <ProfileMode>Exact</ProfileMode>
    <Timeout>0</Timeout>
    <Requests>
      <ColumnStatisticsProfileRequest ID="StatisticsReq">
        <DataSourceID>{DDD1C881-E7B8-4BF9-A1F0-C4090C966219}</DataSourceID>
        <Table Schema="Sales" Table="SalesOrderHeader" />
        <Column IsWildCard="false" ColumnName="OrderDate" />
      </ColumnStatisticsProfileRequest>
      <ColumnLengthDistributionProfileRequest ID="LengthDistReq">
        <DataSourceID>{DDD1C881-E7B8-4BF9-A1F0-C4090C966219}</DataSourceID>
        <Table Schema="Production" Table="Product" />
        <Column IsWildCard="false" ColumnName="Name" />
        <IgnoreLeadingSpace>false</IgnoreLeadingSpace>
        <IgnoreTrailingSpace>true</IgnoreTrailingSpace>
      </ColumnLengthDistributionProfileRequest>
      <ColumnNullRatioProfileRequest ID="NullRatioReq">
        <DataSourceID>{DDD1C881-E7B8-4BF9-A1F0-C4090C966219}</DataSourceID>
        <Table Schema="Production" Table="Product" />
        <Column IsWildCard="false" ColumnName="Color" />
      </ColumnNullRatioProfileRequest>
    </Requests>
  </DataProfileInput>
  <DataProfileOutput>
    <Profiles>
      <ColumnLengthDistributionProfile ProfileRequestID="LengthDistReq" IsExact="true">
        <DataSourceID>{DDD1C881-E7B8-4BF9-A1F0-C4090C966219}</DataSourceID>
        <Table DataSource="localhost" Database="AdventureWorks" Schema="Production" Table="Product" RowCount="504" />
        <Column Name="Name" SqlDbType="NVarChar" MaxLength="50" Precision="255" Scale="255" LCID="1033" CodePage="0" IsNullable="false" StringCompareOptions="0" />
        <IgnoreLeadingSpace>false</IgnoreLeadingSpace>
        <IgnoreTrailingSpace>true</IgnoreTrailingSpace>
        <MinLength>4</MinLength>
        <MaxLength>32</MaxLength>
        <LengthDistribution>
          <LengthDistributionItem>
            <Length>4</Length>
            <Count>1</Count>
          </LengthDistributionItem>
          <LengthDistributionItem>
            <Length>5</Length>
            <Count>2</Count>
          </LengthDistributionItem>
          <LengthDistributionItem>
            <Length>6</Length>
            <Count>3</Count>
          </LengthDistributionItem>
          <LengthDistributionItem>
            <Length>7</Length>
            <Count>6</Count>
          </LengthDistributionItem>
          <LengthDistributionItem>
            <Length>8</Length>
            <Count>6</Count>
          </LengthDistributionItem>
          <LengthDistributionItem>
            <Length>9</Length>
            <Count>19</Count>
          </LengthDistributionItem>
          <LengthDistributionItem>
            <Length>10</Length>
            <Count>31</Count>
          </LengthDistributionItem>
          <LengthDistributionItem>
            <Length>11</Length>
            <Count>30</Count>
          </LengthDistributionItem>
          <LengthDistributionItem>
            <Length>12</Length>
            <Count>13</Count>
          </LengthDistributionItem>
          <LengthDistributionItem>
            <Length>13</Length>
            <Count>36</Count>
          </LengthDistributionItem>
          <LengthDistributionItem>
            <Length>14</Length>
            <Count>9</Count>
          </LengthDistributionItem>
          <LengthDistributionItem>
            <Length>15</Length>
            <Count>16</Count>
          </LengthDistributionItem>
          <LengthDistributionItem>
            <Length>16</Length>
            <Count>27</Count>
          </LengthDistributionItem>
          <LengthDistributionItem>
            <Length>17</Length>
            <Count>12</Count>
          </LengthDistributionItem>
          <LengthDistributionItem>
            <Length>18</Length>
            <Count>31</Count>
          </LengthDistributionItem>
          <LengthDistributionItem>
            <Length>19</Length>
            <Count>28</Count>
          </LengthDistributionItem>
          <LengthDistributionItem>
            <Length>20</Length>
            <Count>9</Count>
          </LengthDistributionItem>
          <LengthDistributionItem>
            <Length>21</Length>
            <Count>39</Count>
          </LengthDistributionItem>
          <LengthDistributionItem>
            <Length>22</Length>
            <Count>51</Count>
          </LengthDistributionItem>
          <LengthDistributionItem>
            <Length>23</Length>
            <Count>49</Count>
          </LengthDistributionItem>
          <LengthDistributionItem>
            <Length>24</Length>
            <Count>4</Count>
          </LengthDistributionItem>
          <LengthDistributionItem>
            <Length>25</Length>
            <Count>19</Count>
          </LengthDistributionItem>
          <LengthDistributionItem>
            <Length>26</Length>
            <Count>6</Count>
          </LengthDistributionItem>
          <LengthDistributionItem>
            <Length>27</Length>
            <Count>10</Count>
          </LengthDistributionItem>
          <LengthDistributionItem>
            <Length>28</Length>
            <Count>6</Count>
          </LengthDistributionItem>
          <LengthDistributionItem>
            <Length>29</Length>
            <Count>23</Count>
          </LengthDistributionItem>
          <LengthDistributionItem>
            <Length>30</Length>
            <Count>13</Count>
          </LengthDistributionItem>
          <LengthDistributionItem>
            <Length>31</Length>
            <Count>1</Count>
          </LengthDistributionItem>
          <LengthDistributionItem>
            <Length>32</Length>
            <Count>4</Count>
          </LengthDistributionItem>
        </LengthDistribution>
      </ColumnLengthDistributionProfile>
      <ColumnNullRatioProfile ProfileRequestID="NullRatioReq" IsExact="true">
        <DataSourceID>{DDD1C881-E7B8-4BF9-A1F0-C4090C966219}</DataSourceID>
        <Table DataSource="localhost" Database="AdventureWorks" Schema="Production" Table="Product" RowCount="504" />
        <Column Name="Color" SqlDbType="NVarChar" MaxLength="15" Precision="255" Scale="255" LCID="1033" CodePage="0" IsNullable="true" StringCompareOptions="0" />
        <NullCount>248</NullCount>
      </ColumnNullRatioProfile>
      <ColumnStatisticsProfile IsExact="true" ProfileRequestID="StatisticsReq">
        <DataSourceID>{DDD1C881-E7B8-4BF9-A1F0-C4090C966219}</DataSourceID>
        <Table DataSource="localhost" Database="AdventureWorks" Schema="Sales" Table="SalesOrderHeader" RowCount="31465" />
        <Column Name="OrderDate" SqlDbType="DateTime" MaxLength="0" Precision="255" Scale="255" LCID="-1" CodePage="0" IsNullable="false" StringCompareOptions="0" />
        <MinValue>2013-12-09T00:00:00.0000000</MinValue>
        <MaxValue>2017-01-08T00:00:00.0000000</MaxValue>
      </ColumnStatisticsProfile>
    </Profiles>
  </DataProfileOutput>
</DataProfile>